date,day,oc3,al4,pet2,can,gbl,sachet,enmix,date_type,status_process,electric_consume
1/1/2022,Saturday,0,0,0,0,0,0,0,weekend,0,50752
1/2/2022,Sunday,441240,0,0,0,0,0,0,weekend,1,56624
1/3/2022,Monday,204816,1289657,645326,0,0,0,179835,workday,1,81504
1/4/2022,Tuesday,0,1305874,968366,0,0,0,179835,workday,1,93808
1/5/2022,Wednesday,903072,1207543,969703,0,0,0,209808,workday,1,114544
1/6/2022,Thursday,309528,0,623966,0,0,0,209808,workday,1,99168
1/7/2022,Friday,703272,690926,969703,0,0,0,134877,workday,1,82896
1/8/2022,Saturday,120144,0,0,0,0,0,0,weekend,1,96608
1/9/2022,Sunday,963504,0,0,0,0,0,0,weekend,1,80336
1/10/2022,Monday,941424,0,0,0,0,0,169833,workday,1,73680
1/11/2022,Tuesday,915216,0,0,0,0,0,179835,workday,1,85536
1/12/2022,Wednesday,705432,0,0,618914,48658,52000,179835,workday,1,93536
1/13/2022,Thursday,0,0,0,621607,49063,0,179835,workday,1,77472
1/14/2022,Friday,0,0,0,0,48919,0,135086,workday,1,72096
1/15/2022,Saturday,0,0,0,0,0,0,0,weekend,0,53472
1/16/2022,Sunday,0,0,0,0,0,0,0,weekend,0,40080
1/17/2022,Monday,0,0,0,413379,0,0,179835,workday,1,61808
1/18/2022,Tuesday,0,0,0,414148,0,0,179835,workday,1,74688
1/19/2022,Wednesday,0,304560,0,620973,62940,52681,179835,workday,1,67440
1/20/2022,Thursday,0,1341977,0,414080,63475,0,0,workday,1,71952
1/21/2022,Friday,0,1262709,0,620566,0,0,0,workday,1,97440
1/22/2022,Saturday,0,1286983,0,203657,0,0,0,weekend,1,80512
1/23/2022,Sunday,0,596503,0,0,0,0,0,weekend,1,76832
1/24/2022,Monday,777816,0,644023,0,0,0,179931,workday,1,71584
1/25/2022,Tuesday,699696,0,974091,0,62809,0,179835,workday,1,98992
1/26/2022,Wednesday,885360,0,971966,0,63064,0,179835,workday,1,80768
1/27/2022,Thursday,912120,0,976560,0,62932,0,132696,workday,1,105424
1/28/2022,Friday,907176,0,971794,0,0,0,0,workday,1,90784
1/29/2022,Saturday,948456,0,0,0,0,0,121754,weekend,1,103872
1/30/2022,Sunday,543816,0,0,0,0,0,0,weekend,1,77808
1/31/2022,Monday,0,0,647897,0,0,0,179959,workday,1,67680
2/1/2022,Tuesday,0,0,975634,0,0,0,0,workday,1,72096
2/2/2022,Wednesday,440328,1315166,973989,0,0,23276,209808,workday,1,103888
2/3/2022,Thursday,927504,942343,972823,0,0,0,209808,workday,1,128560
2/4/2022,Friday,947400,1330526,968949,0,0,60571,134877,workday,1,128752
2/5/2022,Saturday,930528,1358229,0,0,0,0,0,weekend,1,136944
2/6/2022,Sunday,62088,898971,0,0,0,0,0,weekend,1,87456
2/7/2022,Monday,0,803211,0,410867,49056,0,176928,workday,1,84544
2/8/2022,Tuesday,0,126823,534720,619027,48706,0,190210,workday,1,97056
2/9/2022,Wednesday,0,0,0,198204,48830,56571,179835,workday,1,60720
2/10/2022,Thursday,118392,334903,0,619163,0,14857,0,workday,1,71696
2/11/2022,Friday,829056,0,0,506246,0,22781,134877,workday,1,97536
2/12/2022,Saturday,904368,0,0,204540,0,0,0,weekend,1,100432
2/13/2022,Sunday,899232,705600,0,0,0,0,0,weekend,1,81264
2/14/2022,Monday,697128,0,0,620973,0,0,179835,workday,1,93040
2/15/2022,Tuesday,773616,0,0,620883,63319,0,179835,workday,1,100464
2/16/2022,Wednesday,902760,0,0,621041,63269,50267,179835,workday,1,120928
2/17/2022,Thursday,416304,0,0,413628,63245,0,179835,workday,1,92752
2/18/2022,Friday,0,0,0,462392,0,60571,134877,workday,1,64032
2/19/2022,Saturday,875184,1296926,0,0,0,0,0,weekend,1,57024
2/20/2022,Sunday,826368,204274,0,0,0,0,0,weekend,1,106464
2/21/2022,Monday,277488,1338754,967783,0,0,0,179835,workday,1,105072
2/22/2022,Tuesday,853608,449177,969909,0,63623,0,179835,workday,1,122104
2/23/2022,Wednesday,920928,1180731,973337,0,63253,60571,179835,workday,1,119128
2/24/2022,Thursday,644808,1038171,972514,0,63195,0,179835,workday,1,134480
2/25/2022,Friday,596952,646697,0,0,0,60571,134877,workday,1,114976
2/26/2022,Saturday,0,0,965040,0,0,0,0,weekend,1,76240
2/27/2022,Sunday,0,0,0,0,0,0,0,weekend,0,64464
2/28/2022,Monday,541200,462206,0,0,0,0,0,workday,1,61904
3/1/2022,Tuesday,1142136,1240183,968640,0,0,0,179835,workday,1,91472
3/2/2022,Wednesday,25248,1017154,969977,0,0,45143,179835,workday,1,135984
3/3/2022,Thursday,921576,569623,314914,0,0,0,163900,workday,1,102816
3/4/2022,Friday,880992,1164377,972480,0,0,0,179835,workday,1,116336
3/5/2022,Saturday,941424,695143,0,0,0,0,0,weekend,1,107840
3/6/2022,Sunday,535176,0,0,0,0,0,0,weekend,1,78080
3/7/2022,Monday,0,0,647383,0,63475,0,188434,workday,1,62960
3/8/2022,Tuesday,0,827074,972377,0,63360,0,211469,workday,1,92144
3/9/2022,Wednesday,955872,986777,973543,0,63253,48533,184004,workday,1,103504
3/10/2022,Thursday,956136,1231303,848229,0,127395,13371,177375,workday,1,131984
3/11/2022,Friday,900696,1027611,0,0,127600,10400,133031,workday,1,126512
3/12/2022,Saturday,908856,0,0,0,63302,0,0,weekend,1,124336
3/13/2022,Sunday,905280,755383,0,0,0,0,0,weekend,1,97312
3/14/2022,Monday,936024,1176309,0,226399,0,0,178580,workday,1,104080
3/15/2022,Tuesday,423072,120789,0,622263,63418,0,173769,workday,1,114176
3/16/2022,Wednesday,0,0,0,622354,63409,57143,154782,workday,1,63072
3/17/2022,Thursday,0,1162491,0,619208,63500,0,177375,workday,1,77440
3/18/2022,Friday,509136,1278377,0,511134,0,53367,0,workday,1,116208
3/19/2022,Saturday,293808,471840,0,0,0,0,0,weekend,1,98720
3/20/2022,Sunday,939624,679097,0,0,0,0,0,weekend,1,95216
3/21/2022,Monday,880056,861463,0,0,0,0,177375,workday,1,104880
3/22/2022,Tuesday,897888,1198251,0,0,63360,0,177375,workday,1,109712
3/23/2022,Wednesday,0,509657,970971,0,63467,0,177375,workday,1,99536
3/24/2022,Thursday,0,0,974091,0,63212,0,108396,workday,1,113584
3/25/2022,Friday,0,0,972274,0,0,0,0,workday,1,76512
3/26/2022,Saturday,941760,1299394,973406,0,0,0,0,weekend,1,59696
3/27/2022,Sunday,917664,1259554,0,0,0,0,0,weekend,1,121728
3/28/2022,Monday,0,512571,0,620159,0,0,199747,workday,1,106816
3/29/2022,Tuesday,463896,875349,0,620272,63418,0,177375,workday,1,109408
3/30/2022,Wednesday,930936,885189,0,619027,63525,52743,177375,workday,1,109984
3/31/2022,Thursday,659424,706697,0,621086,63516,0,0,workday,1,141072
4/1/2022,Friday,945096,609806,0,621064,0,53054,197083,workday,1,108832
4/2/2022,Saturday,216144,0,0,0,0,0,0,weekend,1,85200
4/3/2022,Sunday,0,1337897,0,0,0,0,0,weekend,1,68240
4/4/2022,Monday,915888,1363989,630651,0,0,0,201771,workday,1,101728
4/5/2022,Tuesday,180288,429291,542743,0,99106,0,206938,workday,1,116400
4/6/2022,Wednesday,877056,802869,1072389,0,98955,0,177375,workday,1,92832
4/7/2022,Thursday,868632,1112434,971349,0,0,0,177375,workday,1,134704
4/8/2022,Friday,674208,153291,968743,0,0,0,136361,workday,1,155968
4/9/2022,Saturday,0,1267440,645189,0,0,0,0,weekend,1,76784
4/10/2022,Sunday,955248,969600,0,0,0,0,37493,weekend,1,93808
4/11/2022,Monday,934008,1336560,704091,0,63508,0,206938,workday,1,125168
4/12/2022,Tuesday,924264,783120,827520,0,63467,55962,207006,workday,1,118384
4/13/2022,Wednesday,887544,82629,0,0,63640,0,194198,workday,1,132208
4/14/2022,Thursday,226560,0,1076297,0,63418,56210,206938,workday,1,81776
4/15/2022,Friday,0,1164343,955029,0,0,0,136652,workday,1,90272
4/16/2022,Saturday,692016,1364571,942343,0,0,55962,0,weekend,1,90272
4/17/2022,Sunday,871632,1385760,0,0,0,0,0,weekend,1,114432
4/18/2022,Monday,927552,1354217,0,414940,0,0,208936,workday,1,127104
4/19/2022,Tuesday,805752,1201474,0,664420,0,55962,206938,workday,1,128288
4/20/2022,Wednesday,923880,1365874,0,761135,0,55714,206938,workday,1,109488
4/21/2022,Thursday,551592,421543,0,0,0,55714,206938,workday,1,134112
4/22/2022,Friday,585888,0,0,617760,0,0,133031,workday,1,104960
4/23/2022,Saturday,0,0,0,620045,0,37576,16779,weekend,1,85984
4/24/2022,Sunday,0,1278309,0,0,0,0,0,weekend,1,76560
4/25/2022,Monday,91608,831497,968503,621086,0,0,206938,workday,1,89472
4/26/2022,Tuesday,862464,1289109,958903,619661,0,55962,206938,workday,1,123840
4/27/2022,Wednesday,929136,1371703,0,410844,0,55962,206938,workday,1,128416
4/28/2022,Thursday,930744,1205794,0,0,0,55900,199606,workday,1,113008
4/29/2022,Friday,0,216651,0,0,0,22286,154987,workday,1,82320
4/30/2022,Saturday,0,0,0,0,0,0,0,public holiday,0,38672
5/1/2022,Sunday,0,0,0,0,0,0,0,public holiday,0,37456
5/2/2022,Monday,0,0,0,0,0,0,0,public holiday,0,43600
5/3/2022,Tuesday,0,0,0,0,0,0,0,public holiday,0,36192
5/4/2022,Wednesday,0,0,0,0,0,0,0,public holiday,0,39040
5/5/2022,Thursday,0,1372663,0,0,0,0,0,workday,1,61520
5/6/2022,Friday,0,1344651,0,0,0,0,157667,workday,1,80864
5/7/2022,Saturday,337464,840891,0,0,0,0,0,weekend,1,99856
5/8/2022,Sunday,0,384000,0,0,0,55467,0,weekend,1,69776
5/9/2022,Monday,0,0,0,0,0,0,197083,workday,1,55248
5/10/2022,Tuesday,0,1280126,0,0,63451,55467,167521,workday,1,74512
5/11/2022,Wednesday,23400,966309,0,0,0,0,0,workday,1,80512
5/12/2022,Thursday,649056,0,603497,0,0,56210,93615,workday,1,83216
5/13/2022,Friday,913248,0,0,0,0,0,206938,workday,1,94544
5/14/2022,Saturday,928848,1093989,0,0,0,0,199331,weekend,1,80848
5/15/2022,Sunday,958224,620811,0,0,0,60571,0,weekend,1,90064
5/16/2022,Monday,888312,0,0,0,0,0,0,workday,1,112592
5/17/2022,Tuesday,634392,646800,0,616538,0,60571,199606,workday,1,94320
5/18/2022,Wednesday,0,1363440,0,620566,0,60571,206938,workday,1,101408
5/19/2022,Thursday,0,1379726,0,607260,0,0,206938,workday,1,93536
5/20/2022,Friday,925128,1272789,0,0,0,52990,133031,workday,1,125264
5/21/2022,Saturday,951168,95931,0,0,0,0,0,weekend,1,93648
5/22/2022,Sunday,483336,0,0,0,0,60571,0,weekend,1,82720
5/23/2022,Monday,962904,1320274,0,621064,0,60571,176654,workday,1,74240
5/24/2022,Tuesday,0,918891,0,620973,0,22571,177375,workday,1,112576
5/25/2022,Wednesday,737112,0,0,252942,0,55962,177375,workday,1,96240
5/26/2022,Thursday,0,1311840,0,0,0,0,133031,workday,1,72720
5/27/2022,Friday,0,1307657,0,0,0,0,0,workday,1,85744
5/28/2022,Saturday,418224,1366629,0,0,0,51257,0,weekend,1,87632
5/29/2022,Sunday,0,998229,0,0,0,0,0,weekend,1,73472
5/30/2022,Monday,0,336343,0,0,0,0,177375,workday,1,63952
5/31/2022,Tuesday,0,485863,0,0,0,33429,177375,workday,1,46368
6/1/2022,Wednesday,0,763577,0,0,0,0,0,workday,1,60048
6/2/2022,Thursday,0,1152171,961886,0,63508,0,206650,workday,1,84368
6/3/2022,Friday,0,1255371,711326,0,0,0,133031,workday,1,89280
6/4/2022,Saturday,0,1094571,0,0,0,0,0,weekend,1,79184
6/5/2022,Sunday,0,685989,0,0,0,0,0,weekend,1,64592
6/6/2022,Monday,0,710091,0,0,0,0,22599,workday,1,64464
6/7/2022,Tuesday,0,0,708137,0,0,0,176173,workday,1,65040
6/8/2022,Wednesday,0,0,353280,0,63730,13371,177375,workday,1,63728
6/9/2022,Thursday,0,0,0,0,63483,0,177375,workday,1,53440
6/10/2022,Friday,0,0,0,0,127230,0,0,workday,1,53936
6/11/2022,Saturday,0,0,0,0,0,0,0,weekend,0,42800
6/12/2022,Sunday,0,0,0,0,0,0,0,weekend,0,45984
6/13/2022,Monday,0,0,0,0,0,0,203343,workday,1,51184
6/14/2022,Tuesday,0,0,0,410754,49022,0,142885,workday,1,48512
6/15/2022,Wednesday,0,0,0,620136,48713,53397,177375,workday,1,46528
6/16/2022,Thursday,0,0,0,621222,48809,0,59125,workday,1,56176
6/17/2022,Friday,0,0,0,0,48837,0,0,workday,1,58000
6/18/2022,Saturday,0,1248857,0,0,0,0,0,weekend,1,63456
6/19/2022,Sunday,0,726343,0,0,0,0,0,weekend,1,69632
6/20/2022,Monday,0,1250571,0,0,0,0,179373,workday,1,68912
6/21/2022,Tuesday,0,1179771,0,621562,63533,0,176413,workday,1,72880
6/22/2022,Wednesday,0,904183,0,620408,63689,0,0,workday,1,76800
6/23/2022,Thursday,0,1332206,0,620589,0,23029,0,workday,1,74064
6/24/2022,Friday,0,641760,0,0,0,22038,0,workday,1,79296
6/25/2022,Saturday,0,0,0,0,0,0,0,weekend,0,57888
6/26/2022,Sunday,0,0,0,0,0,0,0,weekend,0,46688
6/27/2022,Monday,0,898491,0,0,0,0,177375,workday,1,78288
6/28/2022,Tuesday,0,1189851,0,412700,0,52495,177375,workday,1,86128
6/29/2022,Wednesday,0,1263291,0,0,0,0,175452,workday,1,77744
6/30/2022,Thursday,0,1078594,0,0,0,52000,0,workday,1,83440
7/1/2022,Friday,0,1267269,0,0,0,0,0,workday,1,83248
7/2/2022,Saturday,0,1201440,0,0,0,52495,0,weekend,1,70944
7/3/2022,Sunday,0,379234,0,0,0,0,0,weekend,1,82048
7/4/2022,Monday,254208,0,0,0,0,0,179373,workday,1,64864
7/5/2022,Tuesday,534912,0,239794,0,0,0,177375,workday,1,83568
7/6/2022,Wednesday,789576,0,604011,0,0,51752,177375,workday,1,92592
7/7/2022,Thursday,788016,1296891,854846,0,0,0,177375,workday,1,105808
7/8/2022,Friday,508368,576583,0,0,0,52000,0,workday,1,99680
7/9/2022,Saturday,645144,1350000,0,0,0,0,0,weekend,1,76816
7/10/2022,Sunday,749304,463097,0,0,0,0,0,weekend,1,92112
7/11/2022,Monday,0,1197737,0,0,0,0,179270,workday,1,96352
7/12/2022,Tuesday,0,0,0,620317,0,0,177375,workday,1,66304
7/13/2022,Wednesday,332904,679954,0,619819,0,51505,177375,workday,1,68064
7/14/2022,Thursday,338232,0,0,253168,0,0,177375,workday,1,96704
7/15/2022,Friday,804336,0,0,0,0,51938,0,workday,1,91344
7/16/2022,Saturday,403944,335349,0,0,0,0,0,weekend,1,71552
7/17/2022,Sunday,0,1098069,0,0,0,0,0,weekend,1,75248
7/18/2022,Monday,0,1076160,0,0,0,0,0,workday,1,74560
7/19/2022,Tuesday,743592,370423,0,0,0,743,0,workday,1,84288
7/20/2022,Wednesday,912600,417086,0,252671,0,51752,0,workday,1,94912
7/21/2022,Thursday,484176,336514,0,621697,0,0,0,workday,1,102528
7/22/2022,Friday,932304,0,0,0,0,52495,0,workday,1,85792
7/23/2022,Saturday,745896,0,0,0,0,0,0,weekend,1,82688
7/24/2022,Sunday,0,879703,0,0,0,0,0,weekend,1,75056
7/25/2022,Monday,0,0,0,0,0,51505,206650,workday,1,76528
7/26/2022,Tuesday,0,1287257,0,0,0,0,202011,workday,1,74352
7/27/2022,Wednesday,925896,820491,0,0,0,52248,177375,workday,1,90864
7/28/2022,Thursday,835176,915120,0,0,0,0,177375,workday,1,103680
7/29/2022,Friday,924168,0,0,0,0,52495,128704,workday,1,82304
7/30/2022,Saturday,872136,0,0,0,0,0,0,weekend,1,77904
7/31/2022,Sunday,710280,654651,0,0,0,0,0,weekend,1,75904
8/1/2022,Monday,633048,1219714,0,0,0,0,178707,workday,1,105008
8/2/2022,Tuesday,559680,1360389,0,0,63730,52248,177375,workday,1,129744
8/3/2022,Wednesday,0,1330800,600206,0,0,0,177375,workday,1,85920
8/4/2022,Thursday,126000,1254137,599589,0,0,52248,0,workday,1,99152
8/5/2022,Friday,877536,1312423,0,0,0,16838,0,workday,1,111232
8/6/2022,Saturday,784008,730560,0,0,0,0,0,weekend,1,104112
8/7/2022,Sunday,916200,0,0,0,0,0,0,weekend,1,83680
8/8/2022,Monday,938760,0,0,0,0,0,177375,workday,1,85408
8/9/2022,Tuesday,958704,412114,0,621154,0,0,180039,workday,1,99488
8/10/2022,Wednesday,953376,0,0,253372,0,52248,0,workday,1,95248
8/11/2022,Thursday,252144,0,0,0,0,0,0,workday,1,74016
8/12/2022,Friday,0,0,0,0,0,52248,0,workday,1,54336
8/13/2022,Saturday,410112,0,0,0,0,0,0,weekend,1,63088
8/14/2022,Sunday,804504,0,0,0,0,0,0,weekend,1,83824
8/15/2022,Monday,705816,1280640,0,620702,0,0,0,workday,1,85600
8/16/2022,Tuesday,0,1316297,0,0,0,52495,0,workday,1,91968
8/17/2022,Wednesday,0,384926,0,0,0,0,0,workday,1,73216
8/18/2022,Thursday,0,1161360,0,620611,0,22286,177375,workday,1,63696
8/19/2022,Friday,0,1320583,0,254187,0,23029,133031,workday,1,81744
8/20/2022,Saturday,0,0,0,0,0,0,0,weekend,0,63328
8/21/2022,Sunday,0,0,0,0,0,0,0,weekend,0,54464
8/22/2022,Monday,0,1197120,0,0,0,0,177375,workday,1,58176
8/23/2022,Tuesday,0,606103,0,619412,48905,52495,177375,workday,1,85344
8/24/2022,Wednesday,0,0,0,619367,0,0,177375,workday,1,65808
8/25/2022,Thursday,0,0,0,621019,0,52000,206650,workday,1,69184
8/26/2022,Friday,0,527109,0,0,0,0,133031,workday,1,70576
8/27/2022,Saturday,0,490663,0,0,0,52248,0,weekend,1,77664
8/28/2022,Sunday,0,0,0,0,0,0,158999,weekend,1,50448
8/29/2022,Monday,0,847166,0,0,0,0,0,workday,1,57024
8/30/2022,Tuesday,0,0,700869,0,0,0,0,workday,1,82448
8/31/2022,Wednesday,0,1332137,959006,0,0,52000,173769,workday,1,87328
9/1/2022,Thursday,0,1355177,912171,0,0,0,177375,workday,1,108656
9/2/2022,Friday,0,45360,349543,0,63813,52248,0,workday,1,84016
9/3/2022,Saturday,0,796526,0,0,0,0,0,weekend,1,65776
9/4/2022,Sunday,0,1300389,0,0,0,0,0,weekend,1,87648
9/5/2022,Monday,0,448217,0,0,0,0,175452,workday,1,76352
9/6/2022,Tuesday,0,0,0,0,63335,0,177375,workday,1,60176
9/7/2022,Wednesday,0,1008069,0,0,0,44853,177375,workday,1,91712
9/8/2022,Thursday,0,446743,0,0,0,0,177375,workday,1,51712
9/9/2022,Friday,0,1308891,0,0,0,0,0,workday,1,67568
9/10/2022,Saturday,0,1197840,0,0,0,0,0,weekend,1,81792
9/11/2022,Sunday,0,473417,0,0,0,0,0,weekend,1,72896
9/12/2022,Monday,0,1156971,0,0,0,0,56725,workday,1,64720
9/13/2022,Tuesday,0,875760,0,413017,48933,0,103469,workday,1,87968
9/14/2022,Wednesday,0,0,0,413062,0,0,177375,workday,1,59648
9/15/2022,Thursday,0,0,0,412315,0,0,0,workday,1,65024
9/16/2022,Friday,0,0,0,0,0,0,0,workday,0,60848
9/17/2022,Saturday,0,1225611,0,0,0,0,0,weekend,1,65808
9/18/2022,Sunday,0,1176309,0,0,0,0,0,weekend,1,70224
9/19/2022,Monday,0,719520,0,619729,0,0,177375,workday,1,77248
9/20/2022,Tuesday,0,0,0,618891,0,0,177375,workday,1,78064
9/21/2022,Wednesday,0,0,0,407948,63615,53981,177375,workday,1,71232
9/22/2022,Thursday,0,0,0,189695,0,0,206650,workday,1,58352
9/23/2022,Friday,321504,55166,0,0,0,52248,0,workday,1,64944
9/24/2022,Saturday,238200,0,0,0,0,0,0,weekend,1,74352
9/25/2022,Sunday,32616,0,0,0,0,0,0,weekend,1,65952
9/26/2022,Monday,361752,0,354137,0,0,0,170525,workday,1,83024
9/27/2022,Tuesday,804576,486686,826080,0,0,0,177375,workday,1,98432
9/28/2022,Wednesday,390096,767314,1092343,0,0,52495,177375,workday,1,116480
9/29/2022,Thursday,799368,1272891,562320,0,0,0,177375,workday,1,147792
9/30/2022,Friday,356856,878434,0,0,0,52495,133031,workday,1,85664
10/1/2022,Saturday,0,500640,0,0,0,0,0,weekend,1,57344
10/2/2022,Sunday,795984,1076537,0,0,0,0,0,weekend,1,81936
10/3/2022,Monday,844344,0,0,0,63451,0,177375,workday,1,86912
10/4/2022,Tuesday,435216,0,0,621878,63442,0,177375,workday,1,94496
10/5/2022,Wednesday,729792,0,0,620928,0,52000,177375,workday,1,88928
10/6/2022,Thursday,693912,889406,0,412383,49008,14114,177375,workday,1,105872
10/7/2022,Friday,884232,948480,0,0,49070,25752,0,workday,1,93616
10/8/2022,Saturday,382488,1323531,0,0,0,0,0,weekend,1,103216
10/9/2022,Sunday,0,1196194,0,0,0,0,0,weekend,1,90864
10/10/2022,Monday,0,1285440,0,0,0,0,199331,workday,1,78688
10/11/2022,Tuesday,912648,1237234,0,411478,0,0,179373,workday,1,117888
10/12/2022,Wednesday,917280,475234,0,412089,0,52000,177375,workday,1,118496
10/13/2022,Thursday,605664,0,0,412496,0,0,177375,workday,1,98624
10/14/2022,Friday,555312,0,0,0,0,52000,103469,workday,1,101408
10/15/2022,Saturday,0,0,0,0,0,0,0,weekend,0,52656
10/16/2022,Sunday,788592,0,0,0,0,0,0,weekend,1,69248
10/17/2022,Monday,862800,0,354171,0,0,0,170163,workday,1,87184
10/18/2022,Tuesday,158160,1195989,963120,0,0,0,177375,workday,1,122320
10/19/2022,Wednesday,804624,948206,963257,0,0,52248,177375,workday,1,119824
10/20/2022,Thursday,868224,628114,353486,0,0,0,177375,workday,1,122720
10/21/2022,Friday,477048,0,0,0,0,0,0,workday,1,92880
10/22/2022,Saturday,64776,0,0,0,0,0,0,weekend,1,50384
10/23/2022,Sunday,0,1120971,0,0,0,0,0,weekend,1,62736
10/24/2022,Monday,0,574629,0,0,63352,0,177375,workday,1,90112
10/25/2022,Tuesday,861912,1105371,0,0,63467,0,177375,workday,1,89376
10/26/2022,Wednesday,865920,709063,0,0,63434,0,178041,workday,1,117424
10/27/2022,Thursday,743832,0,0,0,0,0,73906,workday,1,116672
10/28/2022,Friday,452352,713109,0,0,0,0,0,workday,1,94992
10/29/2022,Saturday,742128,147874,0,0,0,0,0,weekend,1,86512
10/30/2022,Sunday,0,0,0,0,0,0,0,weekend,0,68768
10/31/2022,Monday,891648,0,0,0,0,0,0,workday,1,63408
11/1/2022,Tuesday,153816,0,661371,0,63697,0,0,workday,1,88672
11/2/2022,Wednesday,0,0,945531,0,0,52248,0,workday,1,87136
11/3/2022,Thursday,0,0,853440,0,0,0,0,workday,1,96816
11/4/2022,Friday,0,368057,427817,0,0,52248,0,workday,1,72336
11/5/2022,Saturday,0,258411,0,0,0,0,0,weekend,1,57840
11/6/2022,Sunday,0,510343,0,0,0,0,0,weekend,1,59264
11/7/2022,Monday,0,259474,0,0,0,0,177375,workday,1,71424
11/8/2022,Tuesday,0,962743,0,620589,48933,0,177375,workday,1,70432
11/9/2022,Wednesday,0,1036629,0,620430,0,22781,177375,workday,1,59728
11/10/2022,Thursday,0,870926,0,620045,0,0,0,workday,1,75600
11/11/2022,Friday,0,0,0,0,0,0,0,workday,0,75760
11/12/2022,Saturday,0,1051166,0,0,0,0,0,weekend,1,60464
11/13/2022,Sunday,0,0,0,0,0,0,0,weekend,0,54960
11/14/2022,Monday,0,0,0,0,0,0,177375,workday,1,46128
11/15/2022,Tuesday,0,0,0,620272,63475,0,179902,workday,1,55040
11/16/2022,Wednesday,0,0,0,617375,63615,0,180628,workday,1,57424
11/17/2022,Thursday,0,0,0,620023,58752,0,0,workday,1,51392
11/18/2022,Friday,0,0,0,0,0,0,0,workday,0,46160
11/19/2022,Saturday,0,0,0,0,0,0,0,weekend,0,43776
11/20/2022,Sunday,0,0,0,0,0,0,0,weekend,0,39920
11/21/2022,Monday,0,0,0,0,0,0,177375,workday,1,49248
11/22/2022,Tuesday,0,0,602297,0,0,0,177375,workday,1,61216
11/23/2022,Wednesday,493920,0,604354,0,0,52990,177375,workday,1,85952
11/24/2022,Thursday,432144,0,0,0,0,0,0,workday,1,73488
11/25/2022,Friday,862104,0,0,0,0,51752,0,workday,1,72960
11/26/2022,Saturday,928944,0,0,0,0,0,0,weekend,1,77168
11/27/2022,Sunday,865056,0,0,0,0,0,0,weekend,1,61424
11/28/2022,Monday,622248,0,0,0,0,0,170643,workday,1,89600
11/29/2022,Tuesday,898416,0,0,0,48905,0,187229,workday,1,89872
11/30/2022,Wednesday,0,0,0,0,0,52495,177375,workday,1,70800
12/1/2022,Thursday,0,0,0,459428,0,0,177375,workday,1,63424
12/2/2022,Friday,906576,0,0,0,0,52248,154987,workday,1,80528
12/3/2022,Saturday,347520,0,0,0,0,0,0,weekend,1,84784
12/4/2022,Sunday,0,0,0,0,0,0,0,weekend,0,44752
12/5/2022,Monday,0,0,0,0,0,0,177375,workday,1,62544
12/6/2022,Tuesday,881712,0,705497,0,0,0,177375,workday,1,59008
12/7/2022,Wednesday,862224,0,961509,0,48658,52000,177375,workday,1,94448
12/8/2022,Thursday,840744,0,958491,0,0,15848,177375,workday,1,104016
12/9/2022,Friday,0,0,604731,0,0,0,0,workday,1,108320
12/10/2022,Saturday,907512,0,0,0,0,0,0,weekend,1,106064
12/11/2022,Sunday,1000680,0,0,0,0,0,0,weekend,1,75408
12/12/2022,Monday,0,861394,0,0,0,0,176173,workday,1,62368
12/13/2022,Tuesday,0,1059737,0,617262,0,0,177375,workday,1,99568
12/14/2022,Wednesday,0,1101291,0,620860,0,52248,177375,workday,1,91616
12/15/2022,Thursday,657168,167246,0,621132,0,22533,177375,workday,1,99600
12/16/2022,Friday,960768,313714,0,0,0,0,133031,workday,1,101200
12/17/2022,Saturday,778776,1018594,0,0,0,0,0,weekend,1,77504
12/18/2022,Sunday,0,491554,0,0,0,0,0,weekend,1,103840
12/19/2022,Monday,940008,0,0,0,0,0,178707,workday,1,96528
12/20/2022,Tuesday,667032,170434,0,0,63278,0,177375,workday,1,90128
12/21/2022,Wednesday,733536,783463,0,0,63302,0,177375,workday,1,105664
12/22/2022,Thursday,239664,570206,0,617647,0,0,103469,workday,1,102656
12/23/2022,Friday,0,1262160,0,0,48686,0,0,workday,1,74688
12/24/2022,Saturday,0,1201303,0,0,0,0,0,weekend,1,67040
12/25/2022,Sunday,0,1296789,0,0,0,0,0,weekend,1,73168
12/26/2022,Monday,0,1040743,0,0,0,0,179373,workday,1,80320
12/27/2022,Tuesday,0,0,954103,0,0,0,177375,workday,1,82720
12/28/2022,Wednesday,0,0,959040,0,0,55962,177375,workday,1,69008
12/29/2022,Thursday,0,80606,599280,0,0,0,113323,workday,1,73232
12/30/2022,Friday,0,328869,0,0,0,55962,0,workday,1,75136
12/31/2022,Saturday,0,726617,0,0,0,0,0,weekend,1,56864
1/1/2023,Sunday,0,1232674,0,0,0,0,0,weekend,1,74528
1/2/2023,Monday,0,1127897,0,0,0,0,176173,workday,1,66512
1/3/2023,Tuesday,0,1149189,0,620091,63434,0,177375,workday,1,82176
1/4/2023,Wednesday,0,1230034,0,619887,0,0,177375,workday,1,87040
1/5/2023,Thursday,0,1274297,0,413130,48871,0,177375,workday,1,89168
1/6/2023,Friday,535992,1059737,0,0,49371,0,0,workday,1,98736
1/7/2023,Saturday,618336,0,0,0,0,0,0,weekend,1,99792
1/8/2023,Sunday,934536,0,0,0,0,0,0,weekend,1,82320
1/9/2023,Monday,931512,1330971,0,414307,49269,0,180705,workday,1,96208
1/10/2023,Tuesday,203760,1218720,0,414103,0,0,177375,workday,1,110160
1/11/2023,Wednesday,0,0,0,0,63360,21667,177375,workday,1,94512
1/12/2023,Thursday,0,0,698194,0,63097,0,0,workday,1,63360
1/13/2023,Friday,0,0,0,0,0,56603,182302,workday,1,65808
1/14/2023,Saturday,0,0,0,0,0,0,206938,weekend,1,46240
1/15/2023,Sunday,0,0,0,0,0,0,0,weekend,0,48720
1/16/2023,Monday,0,0,0,0,0,56210,174159,workday,1,56400
1/17/2023,Tuesday,0,449520,945394,0,0,55962,177375,workday,1,89776
1/18/2023,Wednesday,914208,0,960274,0,0,56210,177375,workday,1,118624
1/19/2023,Thursday,910368,768411,964423,0,0,56210,177375,workday,1,116304
1/20/2023,Friday,85392,1184366,605794,0,0,55962,133031,workday,1,119216
1/21/2023,Saturday,161928,1156834,0,0,0,0,0,weekend,1,97440
1/22/2023,Sunday,0,1221634,0,0,0,0,0,weekend,1,61680
1/23/2023,Monday,0,0,353109,0,0,55962,144218,workday,1,87952
1/24/2023,Tuesday,0,0,710571,0,63302,56210,0,workday,1,72496
1/25/2023,Wednesday,0,0,957360,0,63335,55962,177375,workday,1,67568
1/26/2023,Thursday,610464,0,959794,0,0,55962,177375,workday,1,88944
1/27/2023,Friday,917832,0,0,0,0,56210,73906,workday,1,87984
1/28/2023,Saturday,954048,0,0,0,0,0,0,weekend,1,76656
1/29/2023,Sunday,379368,1299017,0,0,0,0,0,weekend,1,80800
1/30/2023,Monday,0,1289760,0,620815,0,59429,206650,workday,1,94480
1/31/2023,Tuesday,0,614571,0,204811,0,59676,184035,workday,1,93872
2/1/2023,Wednesday,867384,1374789,0,620951,63385,59676,83760,workday,1,112048
2/2/2023,Thursday,901224,1283040,0,620679,63426,59676,0,workday,1,127296
2/3/2023,Friday,655512,88286,0,0,0,59676,133031,workday,1,117648
2/4/2023,Saturday,865176,1320857,0,0,0,59924,0,weekend,1,117264
2/5/2023,Sunday,947856,93189,0,0,0,0,0,weekend,1,72704
2/6/2023,Monday,561240,0,603977,0,63640,59676,179902,workday,1,102368
2/7/2023,Tuesday,958824,1313349,964560,0,63376,59676,179373,workday,1,109568
2/8/2023,Wednesday,0,1387440,922766,0,0,59924,177375,workday,1,118032
2/9/2023,Thursday,0,1340297,952046,0,63360,59676,108396,workday,1,113216
2/10/2023,Friday,0,0,0,0,63204,61905,49271,workday,1,98848
2/11/2023,Saturday,0,1210526,0,0,0,0,0,weekend,1,76912
2/12/2023,Sunday,0,1397794,0,0,0,0,0,weekend,1,68672
2/13/2023,Monday,0,152091,0,201281,0,0,177375,workday,1,74848
2/14/2023,Tuesday,0,0,0,0,0,62152,177375,workday,1,55808
2/15/2023,Wednesday,0,0,0,275571,0,59676,177375,workday,1,80560
2/16/2023,Thursday,0,1390389,0,597688,0,59429,177375,workday,1,80032
2/17/2023,Friday,0,1057989,0,411908,0,59429,133031,workday,1,87920
2/18/2023,Saturday,0,1344309,0,0,0,0,0,weekend,1,78032
2/19/2023,Sunday,0,1029566,0,0,0,0,0,weekend,1,73520
2/20/2023,Monday,0,1228320,0,0,0,0,177375,workday,1,76448
2/21/2023,Tuesday,0,1191223,169234,0,0,0,0,workday,1,82000
2/22/2023,Wednesday,911592,682629,521829,0,0,36648,177375,workday,1,98768
2/23/2023,Thursday,932328,0,379646,0,62957,0,0,workday,1,130848
2/24/2023,Friday,422904,0,930686,0,63319,53486,0,workday,1,89328
2/25/2023,Saturday,944112,0,709989,0,0,0,0,weekend,1,119808
2/26/2023,Sunday,933000,0,0,0,0,0,0,weekend,1,73696
2/27/2023,Monday,908712,0,963634,0,0,0,177375,workday,1,88272
2/28/2023,Tuesday,393168,0,961680,0,48590,0,177375,workday,1,113104
3/1/2023,Wednesday,0,0,990343,0,0,28724,177375,workday,1,87376
3/2/2023,Thursday,0,718011,992880,0,63393,0,177375,workday,1,103392
3/3/2023,Friday,0,1137703,387600,0,0,27238,133031,workday,1,101488
3/4/2023,Saturday,0,879257,993326,0,0,0,0,weekend,1,107456
3/5/2023,Sunday,0,1173600,0,0,0,0,0,weekend,1,76464
3/6/2023,Monday,0,1030251,0,399915,0,0,177375,workday,1,75568
3/7/2023,Tuesday,376872,1327269,0,0,63385,0,177375,workday,1,109920
3/8/2023,Wednesday,968328,509074,0,618303,0,0,177375,workday,1,108352
3/9/2023,Thursday,408960,0,0,616334,0,0,0,workday,1,96352
3/10/2023,Friday,915768,0,0,620905,63475,26000,154987,workday,1,97664
3/11/2023,Saturday,894888,0,0,0,0,0,0,weekend,1,87984
3/12/2023,Sunday,918024,0,0,0,0,0,0,weekend,1,70672
3/13/2023,Monday,0,0,998469,0,63376,0,0,workday,1,72688
3/14/2023,Tuesday,0,0,997063,0,63319,0,0,workday,1,81888
3/15/2023,Wednesday,0,0,998297,0,0,0,0,workday,1,88272
3/16/2023,Thursday,0,0,999051,0,0,0,177375,workday,1,90224
3/17/2023,Friday,0,0,0,0,0,0,118250,workday,1,74016
3/18/2023,Saturday,0,123017,0,0,0,0,0,weekend,1,55424
3/19/2023,Sunday,0,0,0,0,0,0,0,weekend,0,43168
3/20/2023,Monday,0,776434,997131,0,0,0,171845,workday,1,81232
3/21/2023,Tuesday,0,1397760,993806,0,48960,0,177375,workday,1,92816
3/22/2023,Wednesday,0,1389223,997577,0,0,0,0,workday,1,108976
3/23/2023,Thursday,0,1137977,951531,0,0,0,177375,workday,1,83040
3/24/2023,Friday,0,205817,784869,0,0,0,133031,workday,1,86736
3/25/2023,Saturday,0,0,0,0,0,0,0,weekend,0,74688
3/26/2023,Sunday,0,0,0,0,0,0,0,weekend,0,45744
3/27/2023,Monday,0,0,0,0,0,0,0,workday,0,62272
3/28/2023,Tuesday,0,1397520,0,621109,0,0,0,workday,1,74832
3/29/2023,Wednesday,0,1395737,0,619955,63311,0,0,workday,1,88816
3/30/2023,Thursday,0,1396903,0,620973,63426,52000,177375,workday,1,94512
3/31/2023,Friday,0,1242926,0,461170,63401,0,133031,workday,1,94784
4/1/2023,Saturday,858168,0,0,0,0,0,0,weekend,1,73472
4/2/2023,Sunday,872760,0,0,0,0,0,0,weekend,1,79024
4/3/2023,Monday,449064,0,0,0,63590,52495,177375,workday,1,100896
4/4/2023,Tuesday,395496,1122823,0,0,0,0,177375,workday,1,88720
4/5/2023,Wednesday,895752,1173463,0,0,48953,52345,174250,workday,1,89968
4/6/2023,Thursday,639168,1033989,0,0,48878,0,154987,workday,1,109216
4/7/2023,Friday,647640,1305943,0,0,0,0,0,workday,1,112160
4/8/2023,Saturday,0,1397314,0,0,63237,0,0,weekend,1,86176
4/9/2023,Sunday,0,1400229,0,0,63228,0,0,weekend,1,82768
4/10/2023,Monday,856128,492034,998949,0,63056,52000,177375,workday,1,93696
4/11/2023,Tuesday,901968,0,389211,0,0,0,177375,workday,1,123136
4/12/2023,Wednesday,850944,0,352731,620928,0,52248,177375,workday,1,95104
4/13/2023,Thursday,206592,567874,0,620543,0,0,177375,workday,1,102864
4/14/2023,Friday,741600,1413017,0,621471,0,48533,133031,workday,1,108000
4/15/2023,Saturday,429048,1290034,0,621381,0,0,0,weekend,1,107456
4/16/2023,Sunday,882912,0,0,175349,0,0,0,weekend,1,104048
4/17/2023,Monday,517080,650674,0,282110,0,0,179902,workday,1,100256
4/18/2023,Tuesday,0,0,0,0,0,52000,177375,workday,1,53024
4/19/2023,Wednesday,0,0,0,0,0,0,59125,workday,1,39776
4/20/2023,Thursday,0,0,0,0,0,0,0,public holiday,0,19600
4/21/2023,Friday,0,0,0,0,0,0,0,public holiday,0,21664
4/22/2023,Saturday,0,0,0,0,0,0,0,public holiday,0,24096
4/23/2023,Sunday,0,0,0,0,0,0,0,public holiday,0,25664
4/24/2023,Monday,0,0,0,0,0,0,0,public holiday,0,20192
4/25/2023,Tuesday,0,0,0,0,0,0,0,public holiday,0,24336
4/26/2023,Wednesday,0,0,0,0,0,0,0,public holiday,0,29712
4/27/2023,Thursday,0,0,0,0,0,0,0,public holiday,0,38720
4/28/2023,Friday,0,0,0,0,0,0,0,public holiday,0,52224
4/29/2023,Saturday,526728,0,0,0,0,0,0,weekend,1,67344
4/30/2023,Sunday,937320,0,0,0,0,0,0,weekend,1,74320
5/1/2023,Monday,734304,0,0,0,0,0,0,workday,1,82464
5/2/2023,Tuesday,919608,0,0,0,0,0,203397,workday,1,85200
5/3/2023,Wednesday,652896,0,992777,0,0,0,177375,workday,1,105200
5/4/2023,Thursday,785184,0,997337,0,0,34419,177375,workday,1,93104
5/5/2023,Friday,0,706491,998023,0,63451,18571,133031,workday,1,112656
5/6/2023,Saturday,878352,1175109,0,0,0,0,0,weekend,1,60944
5/7/2023,Sunday,0,20366,0,0,0,0,0,weekend,1,105184
5/8/2023,Monday,882168,1357817,0,621516,0,52248,179270,workday,1,99584
5/9/2023,Tuesday,889656,689314,0,621584,62973,0,177375,workday,1,133696
5/10/2023,Wednesday,618432,1057749,0,620362,63006,52000,177375,workday,1,101760
5/11/2023,Thursday,912240,546823,0,621132,0,0,175692,workday,1,111424
5/12/2023,Friday,948072,0,0,620045,0,52248,133031,workday,1,102832
5/13/2023,Saturday,641304,0,0,460243,0,0,0,weekend,1,103328
5/14/2023,Sunday,0,1273749,0,0,0,0,0,weekend,1,74320
5/15/2023,Monday,762456,491143,0,0,0,0,177375,workday,1,69120
5/16/2023,Tuesday,921312,1367760,0,0,0,0,177375,workday,1,110848
5/17/2023,Wednesday,909504,73543,0,0,0,52000,171605,workday,1,117856
5/18/2023,Thursday,350928,1378046,0,0,0,15848,0,workday,1,113760
5/19/2023,Friday,257472,1292811,0,0,0,18819,133031,workday,1,112960
5/20/2023,Saturday,929472,1225063,0,0,0,0,0,weekend,1,99680
5/21/2023,Sunday,864240,0,0,0,0,0,0,weekend,1,89152
5/22/2023,Monday,570744,0,0,0,0,0,177375,workday,1,83296
5/23/2023,Tuesday,0,1385966,995863,0,48946,52248,177375,workday,1,76736
5/24/2023,Wednesday,918888,10937,996960,0,0,0,177375,workday,1,100480
5/25/2023,Thursday,258216,1388194,993943,0,63097,55962,177375,workday,1,128112
5/26/2023,Friday,931032,1377600,0,0,63138,0,154987,workday,1,112896
5/27/2023,Saturday,898056,1339029,0,0,0,0,0,weekend,1,128768
5/28/2023,Sunday,898464,1309440,0,0,0,0,0,weekend,1,107344
5/29/2023,Monday,908928,0,0,0,0,0,180534,workday,1,75776
5/30/2023,Tuesday,680112,1408697,0,0,0,0,180705,workday,1,96032
5/31/2023,Wednesday,0,811234,0,0,0,25752,177375,workday,1,88416
6/1/2023,Thursday,0,1340777,0,0,0,0,0,workday,1,82944
6/2/2023,Friday,406776,1385314,0,0,0,0,133031,workday,1,91696
6/3/2023,Saturday,918432,725657,0,0,0,0,0,weekend,1,104192
6/4/2023,Sunday,925464,0,0,0,0,0,0,weekend,1,138816
6/5/2023,Monday,926184,0,0,0,0,0,177375,workday,1,57472
6/6/2023,Tuesday,932760,0,0,204947,0,0,177375,workday,1,93184
6/7/2023,Wednesday,871752,0,0,620770,0,52248,177375,workday,1,80256
6/8/2023,Thursday,868656,0,0,620883,0,0,177375,workday,1,96736
6/9/2023,Friday,0,0,0,412949,0,52248,131829,workday,1,75824
6/10/2023,Saturday,0,0,0,0,0,0,0,weekend,0,52512
6/11/2023,Sunday,912312,0,0,0,0,0,0,weekend,1,71984
6/12/2023,Monday,920040,0,0,0,0,0,19708,workday,1,79488
6/13/2023,Tuesday,775776,0,0,619751,0,0,11481,workday,1,89008
6/14/2023,Wednesday,913296,0,0,620181,42549,51876,18747,workday,1,96400
6/15/2023,Thursday,839088,0,0,616176,0,0,180039,workday,1,106992
6/16/2023,Friday,242208,0,0,413537,0,52248,0,workday,1,89776
6/17/2023,Saturday,471048,0,0,0,0,0,0,weekend,1,83520
6/18/2023,Sunday,0,0,0,0,0,0,0,weekend,0,54944
6/19/2023,Monday,337320,0,992331,0,0,52124,177375,workday,1,67744
6/20/2023,Tuesday,608976,0,742594,0,63179,0,177375,workday,1,110832
6/21/2023,Wednesday,920688,0,996823,0,63171,52000,192156,workday,1,83408
6/22/2023,Thursday,574896,0,996103,0,0,0,0,workday,1,113504
6/23/2023,Friday,892608,0,0,0,0,45067,0,workday,1,100512
6/24/2023,Saturday,922704,0,0,0,0,0,0,weekend,1,79344
6/25/2023,Sunday,915384,0,0,0,0,0,0,weekend,1,77328
6/26/2023,Monday,336960,1183749,0,0,0,0,157070,workday,1,77584
6/27/2023,Tuesday,0,0,0,0,0,0,199331,workday,1,79840
6/28/2023,Wednesday,506064,0,0,0,0,52000,103469,workday,1,77184
6/29/2023,Thursday,914520,428434,0,0,0,0,0,workday,1,74976
6/30/2023,Friday,526368,1327611,0,0,0,0,73906,workday,1,102016
7/1/2023,Saturday,922296,1007280,0,0,0,0,0,weekend,1,105872
7/2/2023,Sunday,949944,1134034,0,0,0,0,0,weekend,1,98400
7/3/2023,Monday,901152,0,0,0,0,48510,177375,workday,1,80368
7/4/2023,Tuesday,932352,0,0,0,0,0,177375,workday,1,84192
7/5/2023,Wednesday,0,1310914,0,0,63508,52000,176173,workday,1,92272
7/6/2023,Thursday,0,746846,0,0,63483,0,177375,workday,1,81600
7/7/2023,Friday,0,1392171,0,0,0,51257,133031,workday,1,76880
7/8/2023,Saturday,949080,1354457,0,0,0,0,0,weekend,1,101504
7/9/2023,Sunday,968016,702823,0,0,0,0,0,weekend,1,93808
7/10/2023,Monday,961416,1246080,0,616923,48816,0,177375,workday,1,104096
7/11/2023,Tuesday,934320,0,0,619932,0,0,177375,workday,1,110784
7/12/2023,Wednesday,966504,0,0,619842,0,52743,177375,workday,1,109600
7/13/2023,Thursday,714816,1371223,0,620068,63212,0,177375,workday,1,116800
7/14/2023,Friday,592296,1104686,0,0,63212,45067,133031,workday,1,104400
7/15/2023,Saturday,0,1289897,0,0,0,0,0,weekend,1,90784
7/16/2023,Sunday,0,1402217,0,0,0,0,0,weekend,1,74480
7/17/2023,Monday,0,1332789,0,0,0,0,177375,workday,1,77440
7/18/2023,Tuesday,721440,1340400,0,0,62842,22286,177375,workday,1,100656
7/19/2023,Wednesday,266832,419314,0,0,0,0,0,workday,1,84656
7/20/2023,Thursday,159048,0,378857,0,0,0,177375,workday,1,66176
7/21/2023,Friday,0,0,0,0,0,29714,146855,workday,1,61104
7/22/2023,Saturday,0,1413909,0,0,0,0,0,weekend,1,63568
7/23/2023,Sunday,0,1367451,0,0,0,0,0,weekend,1,77872
7/24/2023,Monday,0,1349829,0,0,0,0,0,workday,1,87568
7/25/2023,Tuesday,944688,1329017,0,460627,0,0,175211,workday,1,93920
7/26/2023,Wednesday,964152,841166,636789,0,0,0,132100,workday,1,92672
7/27/2023,Thursday,932880,0,637269,0,0,0,0,workday,1,105824
7/28/2023,Friday,852768,0,0,0,49097,0,0,workday,1,86128
7/29/2023,Saturday,911112,0,0,0,0,0,0,weekend,1,78096
7/30/2023,Sunday,954312,0,0,0,0,0,0,weekend,1,80192
7/31/2023,Monday,476496,0,0,0,0,0,0,workday,1,81600
8/1/2023,Tuesday,71928,0,0,620408,63278,0,177375,workday,1,87536
8/2/2023,Wednesday,0,1123440,0,621426,0,0,206938,workday,1,76224
8/3/2023,Thursday,948360,1371806,0,619910,62998,0,206938,workday,1,88320
8/4/2023,Friday,948408,1356411,0,254323,0,0,206938,workday,1,108432
8/5/2023,Saturday,931776,150583,0,0,0,0,127742,weekend,1,106288
8/6/2023,Sunday,960336,1409863,0,0,0,0,0,weekend,1,106544
8/7/2023,Monday,652680,652903,0,0,0,0,177375,workday,1,101872
8/8/2023,Tuesday,756480,0,0,0,0,0,177375,workday,1,89616
8/9/2023,Wednesday,0,0,0,0,0,0,177375,workday,1,93280
8/10/2023,Thursday,0,0,0,0,49138,0,177375,workday,1,65824
8/11/2023,Friday,927672,1404069,0,0,0,0,154987,workday,1,82416
8/12/2023,Saturday,951720,1345577,0,0,0,0,0,weekend,1,95712
8/13/2023,Sunday,338736,1362137,0,0,0,0,0,weekend,1,97648
8/14/2023,Monday,948168,1379657,0,0,0,0,177375,workday,1,101360
8/15/2023,Tuesday,802704,0,388320,0,62899,51567,177375,workday,1,104208
8/16/2023,Wednesday,711144,1339509,746263,0,0,18324,177375,workday,1,116720
8/17/2023,Thursday,0,0,0,0,0,0,0,workday,0,63296
8/18/2023,Friday,0,0,351909,0,0,0,133031,workday,1,53872
8/19/2023,Saturday,954048,0,0,0,0,0,0,weekend,1,79552
8/20/2023,Sunday,925296,1418709,0,0,0,0,0,weekend,1,83424
8/21/2023,Monday,164280,859577,996617,0,0,0,177375,workday,1,95824
8/22/2023,Tuesday,408744,0,0,0,0,0,177375,workday,1,96480
8/23/2023,Wednesday,773232,0,744343,0,0,28848,177375,workday,1,76672
8/24/2023,Thursday,538872,1397451,989794,0,0,0,177375,workday,1,97696
8/25/2023,Friday,345744,682491,247371,0,0,58933,133031,workday,1,127680
8/26/2023,Saturday,0,1356651,0,0,0,0,0,weekend,1,62464
8/27/2023,Sunday,814632,284709,0,0,0,0,0,weekend,1,76864
8/28/2023,Monday,934584,0,0,412496,0,0,177375,workday,1,98736
8/29/2023,Tuesday,929808,1368754,0,620181,0,53919,177375,workday,1,108496
8/30/2023,Wednesday,901392,1350549,0,621313,0,0,0,workday,1,102240
8/31/2023,Thursday,405432,904766,0,0,0,0,177375,workday,1,117712
9/1/2023,Friday,946608,1388229,0,0,0,0,133031,workday,1,109968
9/2/2023,Saturday,922152,1310846,0,0,0,0,0,weekend,1,87312
9/3/2023,Sunday,101808,1101566,0,0,0,0,0,weekend,1,102704
9/4/2023,Monday,0,0,0,0,48843,0,177375,workday,1,66080
9/5/2023,Tuesday,844752,0,0,401340,0,0,177375,workday,1,67296
9/6/2023,Wednesday,928440,0,0,620883,62998,0,172109,workday,1,85472
9/7/2023,Thursday,0,1141166,0,619774,0,15352,0,workday,1,96352
9/8/2023,Friday,374016,0,0,0,0,0,0,workday,1,79120
9/9/2023,Saturday,0,0,0,0,0,0,0,weekend,0,51456
9/10/2023,Sunday,240696,366960,0,0,0,0,0,weekend,1,50480
9/11/2023,Monday,0,1369269,0,0,0,0,174250,workday,1,74704
9/12/2023,Tuesday,0,1386823,992297,0,0,0,177375,workday,1,88288
9/13/2023,Wednesday,0,654103,993429,0,49179,52248,78833,workday,1,88720
9/14/2023,Thursday,964032,0,644366,0,0,15352,0,workday,1,96736
9/15/2023,Friday,946800,0,0,0,63311,0,0,workday,1,86304
9/16/2023,Saturday,381168,0,0,0,0,0,0,weekend,1,79408
9/17/2023,Sunday,463200,0,0,0,0,0,0,weekend,1,70256
9/18/2023,Monday,619536,1131086,0,0,63459,0,177375,workday,1,76592
9/19/2023,Tuesday,0,1380411,0,0,63352,0,177375,workday,1,89344
9/20/2023,Wednesday,754272,1225646,0,620815,63163,40362,177375,workday,1,101392
9/21/2023,Thursday,926616,1417783,0,621019,63385,22286,177375,workday,1,117904
9/22/2023,Friday,922200,1352846,0,621313,0,21790,0,workday,1,112160
9/23/2023,Saturday,939960,144514,0,0,0,0,0,weekend,1,96384
9/24/2023,Sunday,945432,0,0,0,0,0,0,weekend,1,77120
9/25/2023,Monday,912840,0,0,0,0,0,177375,workday,1,93200
9/26/2023,Tuesday,689112,0,0,0,0,0,173288,workday,1,85424
9/27/2023,Wednesday,81792,782160,0,0,0,52000,172448,workday,1,78048
9/28/2023,Thursday,0,1401223,0,0,0,0,0,workday,1,77872
9/29/2023,Friday,875784,1123920,0,0,0,22286,113323,workday,1,80544
9/30/2023,Saturday,405552,938983,0,0,0,0,0,weekend,1,90944
10/1/2023,Sunday,414360,1239326,0,0,0,0,0,weekend,1,92656
10/2/2023,Monday,906792,0,995383,0,0,0,14781,workday,1,97440
10/3/2023,Tuesday,949368,0,1000011,0,0,0,177375,workday,1,90432
10/4/2023,Wednesday,926280,1172469,998331,0,48658,44571,177375,workday,1,130208
10/5/2023,Thursday,581736,0,605829,0,48967,18324,177375,workday,1,108576
10/6/2023,Friday,0,1057131,0,0,0,22286,133031,workday,1,89200
10/7/2023,Saturday,0,1313417,0,0,0,0,0,weekend,1,63280
10/8/2023,Sunday,0,1339029,0,0,0,0,0,weekend,1,75072
10/9/2023,Monday,135384,1124811,0,0,0,0,177375,workday,1,79136
10/10/2023,Tuesday,906408,0,0,621607,63327,0,177375,workday,1,102800
10/11/2023,Wednesday,1137672,0,0,621584,46631,52000,177375,workday,1,92304
10/12/2023,Thursday,921072,1219817,0,620815,63269,0,177375,workday,1,113408
10/13/2023,Friday,578592,1357474,0,0,0,52000,132026,workday,1,120592
10/14/2023,Saturday,348744,1332411,0,0,0,0,0,weekend,1,106288
10/15/2023,Sunday,0,1300800,0,0,0,0,0,weekend,1,85456
10/16/2023,Monday,0,1360697,0,0,0,0,177375,workday,1,65904
10/17/2023,Tuesday,793416,1201509,996377,0,0,0,177375,workday,1,102560
10/18/2023,Wednesday,972312,0,389417,0,0,54971,172567,workday,1,113808
10/19/2023,Thursday,957288,697371,747977,0,0,0,177375,workday,1,123936
10/20/2023,Friday,819456,710297,710263,0,0,44690,0,workday,1,103936
10/21/2023,Saturday,0,712011,0,0,0,0,0,weekend,1,91104
10/22/2023,Sunday,0,711874,0,0,0,0,0,weekend,1,65184
10/23/2023,Monday,0,716983,0,0,0,0,0,workday,1,90176
10/24/2023,Tuesday,620544,712320,0,619480,0,0,0,workday,1,102864
10/25/2023,Wednesday,959712,346629,0,614773,0,52248,0,workday,1,82720
10/26/2023,Thursday,683544,0,0,620589,0,0,157667,workday,1,112928
10/27/2023,Friday,896880,0,0,412655,0,51752,0,workday,1,84352
10/28/2023,Saturday,940176,0,0,0,0,0,0,weekend,1,82544
10/29/2023,Sunday,363960,0,0,0,0,0,0,weekend,1,73184
10/30/2023,Monday,470016,0,0,0,61122,0,177375,workday,1,72464
10/31/2023,Tuesday,0,0,1000114,0,0,0,177375,workday,1,68880
11/1/2023,Wednesday,382848,0,999977,0,63401,52000,206650,workday,1,94736
11/2/2023,Thursday,925464,0,997749,0,0,0,0,workday,1,100096
11/3/2023,Friday,522480,0,605006,0,0,52000,0,workday,1,77872
11/4/2023,Saturday,0,0,0,0,0,0,0,weekend,0,41792
11/5/2023,Sunday,0,0,0,0,0,0,0,weekend,0,29616
11/6/2023,Monday,0,0,0,0,0,0,0,workday,0,45504
11/7/2023,Tuesday,0,0,0,0,0,0,0,workday,0,43392
11/8/2023,Wednesday,0,0,0,0,62932,52000,0,workday,1,44448
11/9/2023,Thursday,0,0,0,0,63031,22286,0,workday,1,46080
11/10/2023,Friday,0,0,0,0,0,22286,0,workday,1,46112
11/11/2023,Saturday,0,0,0,0,0,0,0,weekend,0,36912
11/12/2023,Sunday,0,0,0,0,0,0,0,weekend,0,38352
11/13/2023,Monday,0,0,0,0,0,0,0,workday,0,41696
11/14/2023,Tuesday,0,0,0,0,0,0,0,workday,0,48768
11/15/2023,Wednesday,0,0,0,0,0,48286,177135,workday,1,51344
11/16/2023,Thursday,0,0,0,0,0,0,177375,workday,1,52128
11/17/2023,Friday,0,0,0,0,0,48286,0,workday,1,60464
11/18/2023,Saturday,0,0,0,0,0,0,0,weekend,0,56496
11/19/2023,Sunday,0,0,0,0,0,0,0,weekend,0,39856
11/20/2023,Monday,0,0,0,0,0,0,173780,workday,1,58384
11/21/2023,Tuesday,0,0,0,619570,62833,0,174971,workday,1,69696
11/22/2023,Wednesday,0,0,0,619050,62932,25752,177375,workday,1,53792
11/23/2023,Thursday,0,0,0,619344,0,0,177375,workday,1,67776
11/24/2023,Friday,0,0,0,620227,0,0,133031,workday,1,67456
11/25/2023,Saturday,0,0,0,0,0,0,0,weekend,0,61856
11/26/2023,Sunday,0,0,0,0,0,0,0,weekend,0,43456
11/27/2023,Monday,0,0,0,0,0,0,174730,workday,1,74592
11/28/2023,Tuesday,0,712423,993806,0,0,0,177375,workday,1,86656
11/29/2023,Wednesday,0,0,734057,0,48933,52127,172448,workday,1,94144
11/30/2023,Thursday,0,128400,605691,0,0,0,174490,workday,1,66256
12/1/2023,Friday,0,109166,0,0,62611,48286,133031,workday,1,70400
12/2/2023,Saturday,0,1338926,0,0,0,0,0,weekend,1,68096
12/3/2023,Sunday,0,1202949,0,0,0,0,0,weekend,1,65184
12/4/2023,Monday,150720,456823,0,0,0,0,177375,workday,1,75552
12/5/2023,Tuesday,658152,83931,0,0,63039,48286,177375,workday,1,93440
12/6/2023,Wednesday,181776,1354080,0,0,62940,0,177375,workday,1,98576
12/7/2023,Thursday,0,1410926,0,0,63195,44324,177375,workday,1,85744
12/8/2023,Friday,610200,1350583,0,0,0,0,133031,workday,1,97472
12/9/2023,Saturday,0,903737,0,0,0,44571,0,weekend,1,82224
12/10/2023,Sunday,0,672994,0,0,0,0,0,weekend,1,66432
12/11/2023,Monday,0,0,0,0,0,0,0,workday,0,58896
12/12/2023,Tuesday,35184,689383,0,618891,0,0,177375,workday,1,53808
12/13/2023,Wednesday,868272,1088537,0,619910,0,0,177375,workday,1,131904
12/14/2023,Thursday,900336,738617,0,411297,0,0,177375,workday,1,126928
12/15/2023,Friday,623472,706011,0,0,0,0,206938,workday,1,98512
12/16/2023,Saturday,849168,626571,0,0,0,0,0,weekend,1,95664
12/17/2023,Sunday,813072,359314,0,0,0,0,0,weekend,1,88784
12/18/2023,Monday,777192,0,0,0,0,0,194679,workday,1,93360
12/19/2023,Tuesday,474840,0,0,619978,48693,0,206938,workday,1,84128
12/20/2023,Wednesday,0,0,0,593683,0,0,206938,workday,1,58304
12/21/2023,Thursday,0,1350514,0,0,0,37143,206938,workday,1,86720
12/22/2023,Friday,137712,1383566,0,0,0,0,51662,workday,1,85888
12/23/2023,Saturday,836712,1362754,0,0,0,0,0,weekend,1,108288
12/24/2023,Sunday,819552,1400400,0,0,0,0,0,weekend,1,104960
12/25/2023,Monday,404160,466423,0,0,0,0,0,workday,1,81760
12/26/2023,Tuesday,914304,1380754,985440,0,0,0,0,workday,1,116976
12/27/2023,Wednesday,704616,922800,996926,0,63228,0,0,workday,1,127328
12/28/2023,Thursday,0,0,999669,0,63656,52000,195486,workday,1,88032
12/29/2023,Friday,0,0,390857,0,0,21048,206938,workday,1,62912
12/30/2023,Saturday,0,0,0,0,0,0,142789,weekend,1,45568
12/31/2023,Sunday,0,0,0,0,0,0,0,weekend,0,39328
1/1/2024,Monday,0,0,0,0,0,0,0,workday,0,35264
1/2/2024,Tuesday,0,0,997063,0,0,0,184104,workday,1,54608
1/3/2024,Wednesday,691680,0,998537,0,63837,22410,206938,workday,1,86720
1/4/2024,Thursday,0,0,993737,0,0,0,177375,workday,1,79168
1/5/2024,Friday,935904,1248617,0,0,0,52248,133031,workday,1,98528
1/6/2024,Saturday,833784,1015646,0,0,0,0,0,weekend,1,116976
1/7/2024,Sunday,0,1379349,0,0,0,0,0,weekend,1,70432
1/8/2024,Monday,0,1212823,0,0,0,0,177375,workday,1,65264
1/9/2024,Tuesday,0,0,0,411749,0,0,177375,workday,1,86112
1/10/2024,Wednesday,0,0,0,413673,49166,52248,177375,workday,1,69408
1/11/2024,Thursday,0,0,0,412338,0,0,177375,workday,1,64368
1/12/2024,Friday,0,0,0,0,0,52000,0,workday,1,59888
1/13/2024,Saturday,0,0,0,0,0,0,0,weekend,0,44944
1/14/2024,Sunday,877560,1331211,0,0,0,0,0,weekend,1,77936
1/15/2024,Monday,932952,759017,0,0,0,0,177375,workday,1,102096
1/16/2024,Tuesday,926496,0,0,620724,63788,0,177375,workday,1,113456
1/17/2024,Wednesday,832032,0,0,407835,63590,44448,177375,workday,1,85184
1/18/2024,Thursday,933768,1076023,0,0,63739,0,154987,workday,1,114272
1/19/2024,Friday,0,801874,0,0,0,37390,0,workday,1,101856
1/20/2024,Saturday,0,0,0,0,0,0,0,weekend,0,55264
1/21/2024,Sunday,0,0,0,0,0,0,0,weekend,0,55008
1/22/2024,Monday,0,0,0,0,0,0,123177,workday,1,43424
1/23/2024,Tuesday,0,0,994629,0,63360,0,0,workday,1,67072
1/24/2024,Wednesday,0,0,712663,0,63146,37143,0,workday,1,86144
1/25/2024,Thursday,664320,0,0,0,63426,0,174009,workday,1,82976
1/26/2024,Friday,929592,1273200,0,0,0,0,133031,workday,1,91648
1/27/2024,Saturday,950688,1336423,0,0,0,0,0,weekend,1,81744
1/28/2024,Sunday,947664,182023,0,0,0,0,0,weekend,1,103984
1/29/2024,Monday,86976,1341086,998606,0,0,0,0,workday,1,98464
1/30/2024,Tuesday,0,1419154,752949,0,0,26000,177375,workday,1,102944
1/31/2024,Wednesday,229560,1244194,0,0,49385,0,177375,workday,1,95920
2/1/2024,Thursday,927888,0,0,0,0,0,123177,workday,1,84928
2/2/2024,Friday,972168,0,0,0,0,0,0,workday,1,86336
2/3/2024,Saturday,964536,0,0,0,0,0,0,weekend,1,85360
2/4/2024,Sunday,942096,0,0,0,0,0,0,weekend,1,72656
2/5/2024,Monday,950736,0,994971,0,0,0,167521,workday,1,71632
2/6/2024,Tuesday,373032,1427280,997269,0,49077,0,177375,workday,1,97424
2/7/2024,Wednesday,0,1345714,998160,0,0,0,177375,workday,1,99216
2/8/2024,Thursday,409632,1365703,605246,0,0,0,0,workday,1,100624
2/9/2024,Friday,370104,275691,605040,0,0,0,127502,workday,1,125216
2/10/2024,Saturday,0,1374617,0,0,0,0,0,weekend,1,76256
2/11/2024,Sunday,0,1367074,0,0,0,0,0,weekend,1,81104
2/12/2024,Monday,0,235371,438411,0,0,0,182254,workday,1,85088
2/13/2024,Tuesday,0,0,0,402336,63171,52000,177375,workday,1,74944
2/14/2024,Wednesday,0,0,0,0,0,0,0,workday,0,42016
2/15/2024,Thursday,777288,0,0,619797,0,0,177375,workday,1,59696
2/16/2024,Friday,892656,1219783,0,619050,63039,37143,133031,workday,1,98672
2/17/2024,Saturday,939384,251829,0,0,0,0,0,weekend,1,108320
2/18/2024,Sunday,975792,0,0,0,0,0,0,weekend,1,86208
2/19/2024,Monday,943032,1139280,0,620837,0,0,184694,workday,1,109888
2/20/2024,Tuesday,838224,940389,0,619978,0,0,177375,workday,1,116064
2/21/2024,Wednesday,0,713074,0,620317,63335,0,59125,workday,1,119616
2/22/2024,Thursday,0,241954,0,205422,0,0,108396,workday,1,70784
2/23/2024,Friday,223584,0,0,0,0,0,133031,workday,1,74656
2/24/2024,Saturday,648120,977589,0,0,0,0,0,weekend,1,83296
2/25/2024,Sunday,1123440,0,0,0,0,0,0,weekend,1,97968
2/26/2024,Monday,943632,1059806,994697,0,0,0,157667,workday,1,97632
2/27/2024,Tuesday,658152,1350171,997406,0,63607,0,177375,workday,1,119184
2/28/2024,Wednesday,0,1348697,993874,0,0,0,174490,workday,1,119456
2/29/2024,Thursday,0,533794,995691,0,0,0,177375,workday,1,96480
3/1/2024,Friday,0,1004126,997680,0,63640,0,138724,workday,1,99376
3/2/2024,Saturday,0,512297,0,0,0,0,0,weekend,1,60736
3/3/2024,Sunday,0,0,0,0,0,0,0,weekend,0,48640
3/4/2024,Monday,0,1245497,0,0,0,0,169416,workday,1,75184
3/5/2024,Tuesday,824280,523543,109097,0,63344,0,177375,workday,1,78656
3/6/2024,Wednesday,274656,597943,1020823,0,63475,11143,177375,workday,1,119872
3/7/2024,Thursday,0,1315234,1068309,0,63376,0,177375,workday,1,106144
3/8/2024,Friday,692400,1349554,1067966,0,0,48038,154987,workday,1,110528
3/9/2024,Saturday,909720,1184434,741394,0,0,0,0,weekend,1,114336
3/10/2024,Sunday,225216,0,0,0,0,0,0,weekend,1,90256
3/11/2024,Monday,817344,0,0,619683,0,0,0,workday,1,83312
3/12/2024,Tuesday,897312,0,0,619299,0,0,199747,workday,1,83728
3/13/2024,Wednesday,0,1349040,0,0,49173,51752,206938,workday,1,77408
3/14/2024,Thursday,0,1341326,1065566,0,49138,0,206938,workday,1,114688
3/15/2024,Friday,0,700663,995006,0,49125,49771,126540,workday,1,90528
3/16/2024,Saturday,0,1138389,601543,0,0,0,0,weekend,1,111760
3/17/2024,Sunday,0,0,0,0,0,0,0,weekend,0,53248
3/18/2024,Monday,895968,0,0,621516,0,0,199366,workday,1,59536
3/19/2024,Tuesday,516408,0,0,621788,63278,53795,206938,workday,1,93616
3/20/2024,Wednesday,931608,0,0,0,63566,0,206938,workday,1,93328
3/21/2024,Thursday,939288,0,0,0,63294,0,206938,workday,1,103200
3/22/2024,Friday,964224,0,0,0,63590,44695,133031,workday,1,94256
3/23/2024,Saturday,954456,1269566,0,0,0,0,0,weekend,1,106720
3/24/2024,Sunday,832992,1287806,0,0,0,0,0,weekend,1,107248
3/25/2024,Monday,0,1265211,0,462505,63607,0,192483,workday,1,81904
3/26/2024,Tuesday,0,1087474,0,616493,63401,50390,108205,workday,1,90400
3/27/2024,Wednesday,0,1363371,0,459858,0,0,54102,workday,1,84240
3/28/2024,Thursday,0,1220057,992846,0,49200,13000,108205,workday,1,94672
3/29/2024,Friday,0,0,784046,0,0,25319,78577,workday,1,82352
3/30/2024,Saturday,0,0,0,0,0,0,236500,weekend,1,68384
3/31/2024,Sunday,0,0,0,0,0,0,0,weekend,0,53904
4/1/2024,Monday,0,1184606,0,0,63829,0,222340,workday,1,88560
4/2/2024,Tuesday,351960,1257909,989897,0,0,52000,206938,workday,1,122320
4/3/2024,Wednesday,795936,1328400,992743,0,63319,0,208201,workday,1,117232
4/4/2024,Thursday,778968,1199417,982046,0,63195,52000,206938,workday,1,121248
4/5/2024,Friday,933840,124800,0,0,63467,22286,133031,workday,1,119488
4/6/2024,Saturday,408384,0,0,0,0,0,0,weekend,1,74688
4/7/2024,Sunday,0,0,0,0,0,0,0,public holiday,0,48016
4/8/2024,Monday,0,0,0,0,0,0,0,public holiday,0,29360
4/9/2024,Tuesday,0,0,0,0,0,0,0,public holiday,0,24736
4/10/2024,Wednesday,0,0,0,0,0,0,0,public holiday,0,24464
4/11/2024,Thursday,0,0,0,0,0,0,0,public holiday,0,23744
4/12/2024,Friday,0,0,0,0,0,0,0,public holiday,0,17600
4/13/2024,Saturday,0,0,0,0,0,0,0,public holiday,0,25648
4/14/2024,Sunday,0,0,0,0,0,0,0,public holiday,0,20432
4/15/2024,Monday,0,0,0,0,0,0,0,public holiday,0,30032
4/16/2024,Tuesday,0,0,0,0,0,0,0,public holiday,0,47552
4/17/2024,Wednesday,0,0,988114,0,0,0,206938,workday,1,79328
4/18/2024,Thursday,0,1340263,992880,0,0,50762,206938,workday,1,87184
4/19/2024,Friday,720024,1212789,0,0,0,17829,133031,workday,1,99152
4/20/2024,Saturday,955728,1135371,0,0,0,0,0,weekend,1,101168
4/21/2024,Sunday,958416,0,0,0,0,0,0,weekend,1,90656
4/22/2024,Monday,187224,0,0,620408,0,0,177375,workday,1,90480
4/23/2024,Tuesday,945480,1337897,0,619797,0,0,177375,workday,1,96608
4/24/2024,Wednesday,945696,1155703,0,619548,0,52990,177375,workday,1,117200
4/25/2024,Thursday,554616,0,0,619502,0,0,206650,workday,1,101856
4/26/2024,Friday,533064,1343314,0,459518,0,51752,127502,workday,1,96800
4/27/2024,Saturday,0,0,0,460243,0,0,0,weekend,1,79968
4/28/2024,Sunday,930072,1422171,0,0,0,0,0,weekend,1,93360
4/29/2024,Monday,856992,1418297,0,0,0,0,180039,workday,1,115936
4/30/2024,Tuesday,718872,1398720,0,0,0,22286,206938,workday,1,70304
5/1/2024,Wednesday,0,1392617,0,0,0,0,0,workday,1,106224
5/2/2024,Thursday,0,393806,984377,0,63689,52000,206938,workday,1,87216
5/3/2024,Friday,0,1332034,992126,0,0,0,133031,workday,1,92496
5/4/2024,Saturday,0,1384903,0,0,0,44324,0,weekend,1,111376
5/5/2024,Sunday,0,1136331,0,0,0,0,0,weekend,1,51424
5/6/2024,Monday,21720,1384114,390069,0,0,0,207339,workday,1,110448
5/7/2024,Tuesday,933336,793097,991371,0,0,0,206938,workday,1,123648
5/8/2024,Wednesday,948744,1324457,992400,0,0,0,206938,workday,1,131248
5/9/2024,Thursday,958344,0,992400,0,0,0,206938,workday,1,112256
5/10/2024,Friday,885096,0,780240,0,0,26000,133031,workday,1,89120
5/11/2024,Saturday,944856,1077874,990137,0,0,0,0,weekend,1,84336
5/12/2024,Sunday,580584,0,0,0,0,0,0,weekend,1,104832
5/13/2024,Monday,0,1363886,0,620883,0,22038,206938,workday,1,118080
5/14/2024,Tuesday,0,1373006,0,621041,0,0,206938,workday,1,82160
5/15/2024,Wednesday,0,1150526,0,619842,0,17581,206938,workday,1,106176
5/16/2024,Thursday,920712,0,0,620543,0,34419,206938,workday,1,96400
5/17/2024,Friday,794544,0,0,620159,0,0,138359,workday,1,92240
5/18/2024,Saturday,956640,0,0,0,0,52000,0,weekend,1,81904
5/19/2024,Sunday,962232,0,0,0,0,0,0,weekend,1,86320
5/20/2024,Monday,957480,0,0,0,0,0,182302,workday,1,67248
5/21/2024,Tuesday,809040,1382297,0,0,0,0,206938,workday,1,94576
5/22/2024,Wednesday,0,1335154,0,0,0,0,206842,workday,1,106224
5/23/2024,Thursday,0,1196983,0,0,0,0,0,workday,1,80272
5/24/2024,Friday,0,0,0,0,0,58129,126540,workday,1,105488
5/25/2024,Saturday,0,214663,0,0,0,30519,0,weekend,1,63696
5/26/2024,Sunday,963720,1254274,0,0,0,0,0,weekend,1,86128
5/27/2024,Monday,954696,0,375497,0,0,0,193718,workday,1,80880
5/28/2024,Tuesday,969768,1128034,306823,0,0,0,206938,workday,1,120592
5/29/2024,Wednesday,966768,1349246,345874,0,0,0,177375,workday,1,105696
5/30/2024,Thursday,912600,1263531,0,0,0,36895,177375,workday,1,135488
5/31/2024,Friday,500640,0,378240,0,0,0,133031,workday,1,112880
6/1/2024,Saturday,0,0,0,0,0,52248,0,weekend,1,73536
6/2/2024,Sunday,0,0,0,0,0,0,0,weekend,0,53808
6/3/2024,Monday,945912,1318560,377349,205513,63500,0,177375,workday,1,104256
6/4/2024,Tuesday,302040,283440,379406,204675,0,0,177375,workday,1,129776
6/5/2024,Wednesday,0,1352434,382011,205739,63080,52000,177375,workday,1,91360
6/6/2024,Thursday,0,1316057,378926,205535,63212,0,177375,workday,1,103312
6/7/2024,Friday,952152,230057,335211,206011,0,52000,154987,workday,1,110464
6/8/2024,Saturday,918216,0,292011,0,0,0,0,weekend,1,73808
6/9/2024,Sunday,166536,0,0,0,0,0,0,weekend,1,83520
6/10/2024,Monday,915840,0,0,206146,0,0,177375,workday,1,84864
6/11/2024,Tuesday,929880,0,0,206259,0,52000,177375,workday,1,98832
6/12/2024,Wednesday,598128,0,989006,205716,0,0,172448,workday,1,95760
6/13/2024,Thursday,0,1251703,993497,206237,0,52000,177375,workday,1,95040
6/14/2024,Friday,0,1205006,994491,206101,0,0,133031,workday,1,96080
6/15/2024,Saturday,0,1245943,0,0,49275,52000,0,weekend,1,105552
6/16/2024,Sunday,0,0,0,0,0,0,0,weekend,0,59984
6/17/2024,Monday,0,0,0,0,0,0,0,workday,0,40064
6/18/2024,Tuesday,0,0,986606,204743,48871,0,0,workday,1,56672
6/19/2024,Wednesday,0,0,995314,203544,0,52000,177375,workday,1,80864
6/20/2024,Thursday,0,0,940731,205648,63360,0,177375,workday,1,71168
6/21/2024,Friday,0,0,0,206373,63360,52000,0,workday,1,80448
6/22/2024,Saturday,0,0,0,0,0,0,0,weekend,0,65824
6/23/2024,Sunday,0,0,0,0,0,0,0,weekend,0,43008
6/24/2024,Monday,0,0,0,206146,0,0,177375,workday,1,64912
6/25/2024,Tuesday,0,0,236366,205626,0,0,172448,workday,1,50368
6/26/2024,Wednesday,0,0,625337,206463,0,52000,177375,workday,1,67600
6/27/2024,Thursday,0,0,0,205965,0,0,174009,workday,1,79024
6/28/2024,Friday,0,0,624343,207097,0,52093,126286,workday,1,87744
6/29/2024,Saturday,0,0,0,0,0,0,0,weekend,0,79296
6/30/2024,Sunday,0,0,0,0,0,0,0,weekend,0,51056
7/1/2024,Monday,891792,1337554,381771,207006,0,0,0,workday,1,97072
7/2/2024,Tuesday,980712,1400126,484971,207006,63426,52000,179902,workday,1,125360
7/3/2024,Wednesday,958728,1196914,0,206124,0,0,177375,workday,1,141104
7/4/2024,Thursday,979272,529474,989486,206282,63302,52000,0,workday,1,131840
7/5/2024,Friday,975288,1382263,991303,205762,63475,26000,133031,workday,1,132400
7/6/2024,Saturday,969408,1199246,0,0,0,0,0,weekend,1,95776
7/7/2024,Sunday,543408,757200,0,0,0,0,0,weekend,1,94880
7/8/2024,Monday,0,0,0,206146,0,0,177375,workday,1,92640
7/9/2024,Tuesday,0,1409349,989726,205920,49008,59676,177375,workday,1,97344
7/10/2024,Wednesday,945696,1329874,987943,205807,48501,0,177375,workday,1,121776
7/11/2024,Thursday,707520,1367280,0,206101,0,51752,177375,workday,1,123456
7/12/2024,Friday,972312,1373349,0,206259,0,22286,133031,workday,1,81328
7/13/2024,Saturday,913656,1366046,0,0,0,0,0,weekend,1,142704
7/14/2024,Sunday,0,477497,0,0,0,0,0,weekend,1,111232
7/15/2024,Monday,0,0,0,206463,0,0,177375,workday,1,56480
7/16/2024,Tuesday,0,0,591223,206870,63294,52248,177375,workday,1,64224
7/17/2024,Wednesday,0,276686,624857,206237,63344,0,177375,workday,1,78528
7/18/2024,Thursday,0,1390971,485554,206644,0,52000,177375,workday,1,112336
7/19/2024,Friday,898512,860297,0,206259,0,25505,133031,workday,1,110336
7/20/2024,Saturday,286272,1367143,0,0,0,0,0,weekend,1,112192
7/21/2024,Sunday,967848,1151349,0,0,0,0,0,weekend,1,89632
7/22/2024,Monday,917160,0,0,0,63508,0,173288,workday,1,103616
7/23/2024,Tuesday,879864,0,626469,0,0,26000,177375,workday,1,89552
7/24/2024,Wednesday,925488,1258629,624171,0,0,0,177375,workday,1,98672
7/25/2024,Thursday,0,429634,628834,0,0,52000,0,workday,1,106384
7/26/2024,Friday,0,0,462000,0,63376,0,206938,workday,1,98336
7/27/2024,Saturday,0,0,0,0,0,47048,0,weekend,1,78864
7/28/2024,Sunday,968784,1322366,0,0,0,0,0,weekend,1,105264
7/29/2024,Monday,944112,1411440,0,0,0,0,177183,workday,1,125088
7/30/2024,Tuesday,973920,1246937,982903,0,0,52248,172448,workday,1,121360
7/31/2024,Wednesday,608208,1107257,981120,0,0,0,177375,workday,1,137968
8/1/2024,Thursday,0,1295760,980914,0,63566,52000,177375,workday,1,105376
8/2/2024,Friday,0,1350171,630891,0,0,0,133031,workday,1,101728
8/3/2024,Saturday,949344,972446,0,0,0,52000,0,weekend,1,83776
8/4/2024,Sunday,799344,0,0,0,0,0,0,weekend,1,104800
8/5/2024,Monday,837600,0,0,0,0,0,177375,workday,1,94960
8/6/2024,Tuesday,0,0,985954,0,63376,0,177375,workday,1,92864
8/7/2024,Wednesday,0,1012526,990000,201055,0,51505,177375,workday,1,94064
8/8/2024,Thursday,0,1318663,989589,205626,63566,0,179373,workday,1,91392
8/9/2024,Friday,0,551829,0,184174,0,52000,133031,workday,1,121024
8/10/2024,Saturday,0,1419909,0,0,0,0,0,weekend,1,85968
8/11/2024,Sunday,0,307851,0,0,0,0,0,weekend,1,81168
8/12/2024,Monday,940656,787851,541097,0,0,0,204537,workday,1,94592
8/13/2024,Tuesday,978984,0,611794,206735,0,25752,177375,workday,1,97632
8/14/2024,Wednesday,511848,1317771,689040,205015,63187,0,177375,workday,1,163888
8/15/2024,Thursday,961848,341486,381840,205784,60019,37638,177375,workday,1,99872
8/16/2024,Friday,0,1146377,627909,206327,0,11143,133031,workday,1,111728
8/17/2024,Saturday,0,0,344743,0,0,0,0,weekend,1,79568
8/18/2024,Sunday,0,0,0,0,0,0,0,weekend,0,72688
8/19/2024,Monday,0,1182789,626126,206146,0,20552,196857,workday,1,102352
8/20/2024,Tuesday,0,1408766,626229,205852,48823,0,177375,workday,1,74320
8/21/2024,Wednesday,0,1315817,626537,206078,48693,52000,177375,workday,1,141648
8/22/2024,Thursday,0,1385451,567017,205105,0,0,177375,workday,1,88704
8/23/2024,Friday,0,1365771,658251,205241,0,44571,133031,workday,1,105792
8/24/2024,Saturday,937296,1208400,0,0,0,0,0,weekend,1,129088
8/25/2024,Sunday,938328,0,0,0,0,0,0,weekend,1,114080
8/26/2024,Monday,940152,0,0,0,0,52495,206650,workday,1,103584
8/27/2024,Tuesday,0,0,974571,206327,0,0,177375,workday,1,84560
8/28/2024,Wednesday,977952,0,983006,206554,0,52248,177375,workday,1,109792
8/29/2024,Thursday,977760,0,383520,206192,0,0,177375,workday,1,115856
8/30/2024,Friday,895704,0,0,0,0,52000,0,workday,1,102640
8/31/2024,Saturday,0,0,0,0,0,0,0,weekend,0,61376
9/1/2024,Sunday,0,1363234,0,0,0,0,0,weekend,1,69248
9/2/2024,Monday,953856,1385794,0,205897,0,51257,137194,workday,1,126288
9/3/2024,Tuesday,308304,1393886,982697,254006,63623,0,177375,workday,1,130560
9/4/2024,Wednesday,0,924069,0,0,0,59429,180705,workday,1,87280
9/5/2024,Thursday,0,0,0,0,63525,0,177375,workday,1,84256
9/6/2024,Friday,921936,0,983760,253870,63574,59429,133031,workday,1,92704
9/7/2024,Saturday,935208,0,0,0,0,0,0,weekend,1,95328
9/8/2024,Sunday,964896,1358194,0,0,0,0,0,weekend,1,83872
9/9/2024,Monday,966384,1005463,989691,206418,0,0,177375,workday,1,118560
9/10/2024,Tuesday,974736,1367314,993257,205988,63566,52000,177375,workday,1,131296
9/11/2024,Wednesday,339264,0,733166,205196,63212,0,177375,workday,1,163744
9/12/2024,Thursday,416496,766423,742217,0,63311,59305,177375,workday,1,85440
9/13/2024,Friday,0,0,0,0,0,29714,0,workday,1,89136
9/14/2024,Saturday,0,0,0,0,0,0,0,weekend,0,48912
9/15/2024,Sunday,0,0,0,0,0,0,0,weekend,0,44240
9/16/2024,Monday,0,0,23794,0,0,0,0,workday,1,57840
9/17/2024,Tuesday,0,1042149,583577,254323,0,59429,177375,workday,1,85408
9/18/2024,Wednesday,0,1313383,625440,254323,48487,0,177375,workday,1,95296
9/19/2024,Thursday,0,1356000,629451,254141,0,59367,177375,workday,1,96816
9/20/2024,Friday,594528,1225371,626709,253689,0,0,133031,workday,1,111040
9/21/2024,Saturday,918864,1054011,350846,0,0,0,0,weekend,1,143968
9/22/2024,Sunday,894864,324377,0,0,0,0,0,weekend,1,113744
9/23/2024,Monday,839568,403954,0,254164,0,0,177375,workday,1,66544
9/24/2024,Tuesday,309600,0,381154,0,0,0,177375,workday,1,113728
9/25/2024,Wednesday,600864,0,384206,0,63311,52000,170884,workday,1,110784
9/26/2024,Thursday,89616,1363543,238389,0,63574,0,177375,workday,1,99824
9/27/2024,Friday,0,1406503,242811,0,0,52000,160997,workday,1,106304
9/28/2024,Saturday,0,1312114,630103,0,0,0,0,weekend,1,109888
9/29/2024,Sunday,0,1283349,0,0,0,0,0,weekend,1,90256
9/30/2024,Monday,0,495531,0,0,63418,0,175701,workday,1,98464
10/1/2024,Tuesday,625944,1214503,0,0,63516,0,171486,workday,1,98752
10/2/2024,Wednesday,895344,0,0,0,63442,52000,152740,workday,1,109520
10/3/2024,Thursday,959328,1313486,0,0,63615,22286,142885,workday,1,80064
10/4/2024,Friday,948120,1357611,0,0,63623,0,93615,workday,1,143936
10/5/2024,Saturday,958032,107554,373200,0,0,0,0,weekend,1,107440
10/6/2024,Sunday,981024,0,422297,0,0,0,0,weekend,1,107920
10/7/2024,Monday,805584,0,362743,0,0,0,177375,workday,1,104880
10/8/2024,Tuesday,0,172251,420137,0,0,59429,177375,workday,1,100768
10/9/2024,Wednesday,0,0,312617,0,0,0,177375,workday,1,13760
10/10/2024,Thursday,851304,311109,0,0,43269,59429,88688,workday,1,208240
10/11/2024,Friday,173904,1046880,0,0,41301,0,0,workday,1,106416
10/12/2024,Saturday,1387824,271680,287657,0,0,59119,0,weekend,1,75824
10/13/2024,Sunday,913056,1219646,0,0,0,0,0,weekend,1,146528
10/14/2024,Monday,953064,0,0,0,0,0,177375,workday,1,93168
10/15/2024,Tuesday,0,1257977,0,413763,0,44819,177375,workday,1,98304
10/16/2024,Wednesday,960600,1280503,0,414307,0,44324,177375,workday,1,100144
10/17/2024,Thursday,190536,1351954,0,206440,0,29219,177375,workday,1,108096
10/18/2024,Friday,0,1234286,0,206350,0,45314,154987,workday,1,70592
10/19/2024,Saturday,962472,1280537,0,0,0,0,0,weekend,1,96208
10/20/2024,Sunday,925392,962743,0,0,0,0,0,weekend,1,86960
10/21/2024,Monday,865224,513977,0,0,0,0,177375,workday,1,131120
10/22/2024,Tuesday,955248,546754,0,413899,0,25010,177375,workday,1,97120
10/23/2024,Wednesday,977232,0,0,414058,0,0,170851,workday,1,93040
10/24/2024,Thursday,963336,1349931,0,414442,0,32933,0,workday,1,115472
10/25/2024,Friday,581952,907269,0,0,0,14857,0,workday,1,126016
10/26/2024,Saturday,0,561017,0,0,0,0,0,weekend,1,92912
10/27/2024,Sunday,823008,578709,0,0,0,52743,0,weekend,1,96496
10/28/2024,Monday,970752,537291,0,0,0,58438,171605,workday,1,87232
10/29/2024,Tuesday,955800,577371,0,0,0,58933,180705,workday,1,149776
10/30/2024,Wednesday,1538784,1127040,0,1243214,0,58190,177375,workday,1,111920
10/31/2024,Thursday,505728,577783,0,617149,0,63143,177375,workday,1,111280
